,mean,std
age,16.696202531645568,1.2760427246056283
studytime,2.0354430379746837,0.8392403464185556
failures,0.3341772151898734,0.7436509736062507
absences,5.708860759493671,8.00309568710818
Medu,2.749367088607595,1.0947351414285367
Fedu,2.5215189873417723,1.088200545826944
internet,0.8329113924050633,0.37352808216970257
G1,10.90886075949367,3.319194671507669
G2,10.713924050632912,3.7615046595560298
